[
    {
      "id": 1,
      "name": "一般的打掃清潔房子",
      "cal": "170",
    },
    {
      "id": 2,
      "name": "跑步，越野",
      "cal": "540",
    },
    {
      "id": 3,
      "name": "騎越野自行車和山地",
      "cal": "510",
    },
    {
      "id": 4,
      "name": "騎自行車，一般",
      "cal": "480",
    },
    {
      "id": 5,
      "name": "田徑，跳高，跳遠，三級跳，標槍，撐桿跳",
      "cal": "360",
    },
    {
      "id": 6,
      "name": "比賽型羽毛球競賽",
      "cal": "420",
    },
    {
      "id": 7,
      "name": "棒球",
      "cal": "300",
    },
    {
      "id": 8,
      "name": "高強度的健美健身操",
      "cal": "480",
    },
    {
      "id": 9,
      "name": "中低強度健美健身操",
      "cal": "210",
    },
    {
      "id": 10,
      "name": "熱瑜伽伸展運動",
      "cal": "150",
    }
    
]
